Germany,India,Italy,South Korea,New Zealand,Singapore,Somalia,Uganda,UK,USA
10,2,2,15,0,18,0,0,2,8
12,3,2,15,0,18,0,0,8,11
12,3,2,16,0,24,0,0,8,11
12,3,2,19,0,28,0,0,9,11
12,3,2,23,0,28,0,0,9,12
13,3,3,24,0,30,0,0,9,12
13,3,3,24,0,33,0,0,13,12
14,3,3,25,0,40,0,0,14,12
14,3,3,27,0,45,0,0,14,12
16,3,3,28,0,47,0,0,15,13
16,3,3,28,0,50,0,0,16,13
16,3,3,28,0,58,0,0,17,14
16,3,3,28,0,67,0,0,18,14
16,3,3,28,0,72,0,0,18,14
16,3,3,29,0,75,0,0,18,14
16,3,3,30,0,77,0,0,19,14
16,3,3,31,0,81,0,0,19,14
16,3,3,31,0,84,0,0,20,14
16,3,3,104,0,84,0,0,22,14
16,3,20,204,0,85,0,0,23,16
16,3,62,433,0,85,0,0,23,16
16,3,155,602,0,89,0,0,28,16
16,3,229,833,0,89,0,0,30,16
17,3,322,977,0,91,0,0,34,16
27,3,453,1261,0,93,0,0,37,16
46,3,655,1766,0,93,0,0,44,17
48,3,888,2337,1,93,0,0,56,17
79,3,1128,3150,1,102,0,0,61,25
130,3,1694,3736,1,106,0,0,94,32
159,5,2036,4335,1,108,0,0,134,55
196,5,2502,5186,1,110,0,0,189,74
262,28,3089,5621,3,110,0,0,246,107
482,30,3858,6088,3,117,0,0,295,184
670,31,4636,6593,4,130,0,0,374,237
799,34,5883,7041,5,138,0,0,429,403
1040,39,7375,7314,5,150,0,0,483,519
1176,43,9172,7478,5,150,0,0,630,594
1457,56,10149,7513,5,160,0,0,889,782
1908,62,12462,7755,5,178,0,0,1301,1147
2078,73,15113,7869,5,178,0,0,1790,1586
3675,82,17660,7979,5,200,0,0,2270,2219
4585,102,21157,8086,6,212,0,0,2634,2978
5795,113,24747,8162,8,226,0,0,3077,3212
7272,119,27980,8236,8,243,1,0,3692,4679
9257,142,31506,8320,12,266,1,0,4462,6512
12327,156,35713,8413,20,313,1,0,5468,9169
15320,194,41035,8565,28,345,1,0,6534,13663
19848,244,47021,8652,39,385,1,0,7792,20030
22213,330,53578,8799,52,432,1,1,9007,26025
24873,396,59138,8961,102,455,1,1,10395,34898
29056,499,63927,8961,102,509,1,9,12744,46136
32986,536,69176,9037,155,558,1,9,15126,56755
37323,657,74386,9137,205,631,1,14,17843,68837
43938,727,80589,9241,283,683,2,14,20970,86693
50871,887,86498,9332,368,732,3,23,24219,105383
57695,987,92472,9478,451,802,3,30,27062,125013
62095,1024,97689,9583,514,844,3,33,29954,143912
66885,1251,101739,9661,589,879,3,33,34281,165987
71808,1397,105792,9786,647,926,5,44,38815,192301
77872,1998,110574,9887,708,1000,5,44,43789,224560
84794,2543,115242,9976,797,1049,5,45,48718,256792
91159,2567,119827,10062,868,1114,7,48,53699,289087
96092,3082,124632,10156,950,1189,7,48,57772,321477
100123,3588,128948,10237,1039,1309,7,52,61422,351354
103374,4778,132547,10284,1106,1375,7,52,66738,382747
107663,5311,135586,10331,1160,1481,8,52,72224,413516
113296,5916,139422,10384,1210,1623,12,53,77387,444731
118181,6725,143626,10423,1239,1910,12,53,82293,480667
122171,7598,147577,10450,1283,2108,21,53,86660,515081
124908,8446,152271,10480,1312,2299,21,53,90273,544183
127854,9205,156363,10512,1330,2532,25,54,93812,571440
130072,10453,159516,10537,1349,2918,60,54,98017,598380
131359,11487,162488,10564,1366,3252,60,55,102365,627205
134753,12322,165155,10591,1386,3699,80,55,107465,652611
137698,13430,168941,10613,1401,4427,80,55,112808,682626
141397,14352,172434,10635,1409,5050,116,56,117798,715656
143342,15722,175925,10653,1422,5992,135,55,122534,743588
145184,17615,178972,10661,1431,6588,164,55,126394,769684
147065,18539,181228,10674,1440,8014,237,56,131260,799512
148291,20080,183957,10683,1445,9125,286,61,136035,825429
150648,21370,187327,10694,1451,10141,286,63,141540,854288
153129,23077,189973,10708,1456,11178,328,74,146708,887858
154999,24530,192994,10718,1461,12075,328,75,151689,920185
156513,26283,195351,10728,1470,12693,390,75,155453,950581
157770,27890,197675,10738,1469,13624,436,79,158926,977082
158758,29451,199414,10752,1472,14423,480,79,163630,1000785
159912,31324,201505,10761,1474,14951,528,79,168357,1025362
161539,33062,203591,10765,1476,15641,582,81,173807,1051800
163009,34863,205463,10774,1479,16169,601,83,178771,1081020
164077,37257,207428,10780,1485,17101,601,85,183501,1115946
164967,39699,209328,10793,1487,17548,671,88,186731,1143296
165664,42505,210717,10801,1487,18205,722,89,189708,1167593
166152,46437,211938,10804,1486,18778,756,97,193091,1191678
167007,49400,213013,10806,1488,19410,835,98,196780,1216209
168162,52987,214457,10810,1489,20198,873,100,200616,1240769
169430,56351,215858,10822,1490,20939,928,101,204387,1268180
170588,59695,217185,10840,1492,21707,928,101,207439,1295019
171324,62808,218268,10874,1494,22460,997,116,209589,1320155
171879,67161,219070,10909,1497,23336,1054,121,211911,1339022
172576,70768,219814,10936,1497,23822,1089,121,215500,1358293
173171,74292,221216,10962,1497,24671,1170,129,218895,1381241
174098,78055,222104,10991,1497,25346,1219,139,222195,1401649
174478,81997,223096,11018,1498,26098,1284,160,224813,1428467
175233,85784,223885,11037,1498,26891,1284,203,227334,1453214
175752,90648,224760,11050,1499,27356,1357,227,229406,1477373
176369,95698,225435,11065,1499,28038,1421,227,231232,1495736
176551,100328,225886,11078,1499,28343,1455,248,233809,1518126
177778,106475,226699,11110,1503,28794,1502,260,236867,1539133
178473,112028,227364,11122,1503,29364,1573,264,239579,1561830
179021,118226,228006,11142,1504,29812,1594,160,242133,1587596
179710,124794,228658,11165,1504,30426,1594,175,244174,1611253
179986,131423,229327,11190,1504,31068,1594,198,245682,1632364
180328,138536,229858,11206,1504,31616,1594,198,247037,1652431
180600,144950,230158,11225,1504,31960,1689,222,248650,1671104
181200,150793,230555,11265,1504,32343,1711,253,250309,1690754
181524,158086,231139,11344,1504,32876,1731,281,252118,1709303
182196,165386,231732,11402,1504,33249,1828,317,253854,1731625
182922,173491,232248,11441,1504,33860,1828,329,255362,1756098
183189,181827,232664,11468,1504,34366,1916,413,256469,1779731
183410,190609,232997,11503,1504,34884,1976,417,257539,1798718
183594,198370,233197,11541,1504,35292,2023,457,258983,1816154
183879,207191,233515,11590,1504,35836,2089,489,260453,1837656
184121,216824,233836,11629,1504,36405,2146,507,261802,1857511
184472,226713,234013,11668,1504,36922,2204,522,263040,1879150
184924,236184,234531,11719,1504,37183,2204,557,264150,1904550
185450,246622,234801,11776,1504,37527,2289,593,264944,1925710
185750,257486,234998,11814,1504,37910,2334,616,265662,1943626
186109,265928,235278,11852,1504,38296,2368,646,266756,1961263
186506,276146,235561,11902,1504,38514,2416,657,267915,1979647
186522,286605,235763,11947,1504,38965,2452,665,269101,2000757
186691,297535,236142,12003,1504,39387,2513,679,270108,2023890
187226,308993,236305,12051,1504,39850,2513,686,271162,2048756
187267,320922,236651,12085,1504,40197,2579,694,272050,2073964
187518,332424,236989,12121,1504,40604,2618,696,272857,2092912
187682,343091,237290,12155,1506,40818,2642,705,273888,2112731
188252,354065,237500,12198,1506,40969,2658,724,274971,2136401
188604,366946,237828,12257,1507,41216,2696,732,275970,2163465
189817,380532,238159,12306,1507,41473,2719,741,276990,2191991
190299,395048,238011,12373,1509,41615,2719,755,277974,2223553
190670,410451,238275,12421,1511,41833,2755,763,278640,2255823
191272,425282,238499,12438,1513,42095,2779,770,279264,2280971
191768,440215,238720,12484,1515,42313,2812,774,280156,2313123
192480,456183,238833,12535,1516,42432,2812,797,281038,2350198
192871,473105,239410,12563,1519,42623,2835,805,281815,2386074
193371,490401,239706,12602,1520,42736,2878,821,282512,2426391
194036,508953,239961,12653,1522,42955,2878,833,283151,2472385
194458,528859,240136,12715,1526,43246,2878,848,283785,2513731
194693,548318,240310,12757,1528,43459,2894,859,284192,2554461
195042,566840,240436,12800,1528,43661,2904,870,284812,2595744
195418,585481,240578,12850,1528,43907,2924,889,285216,2642174
195893,604641,240760,12904,1530,44122,2924,893,285279,2693993
196370,625544,240961,12967,1530,44310,2944,902,285285,2750622
196780,648315,241184,13030,1530,44479,2944,911,285787,2801983
197198,673165,241419,13091,1533,44664,2961,927,286412,2847664
197523,697413,241611,13137,1534,44800,2997,939,286931,2898432
198064,719664,241819,13181,1536,44983,3006,953,287290,2941517
198343,742417,241956,13244,1537,45140,3015,971,287874,3002171
198699,767296,242149,13293,1540,45298,3028,977,288511,3062290
199001,793802,242363,13338,1542,45423,3038,1000,289154,3124786
199332,820916,242639,13373,1543,45614,3038,1006,289678,3192841
199709,849522,242827,13417,1544,45783,3051,1013,290504,3252874
199919,878254,243061,13479,1544,45961,3059,1025,291154,3311312
200180,906752,243230,13512,1545,46283,3072,1029,291691,3370208
200456,936181,243344,13551,1547,46630,3076,1040,292931,3438244
200890,968857,243506,13612,1548,46878,3083,1043,293469,3506364
201450,1003832,243736,13672,1549,47126,3106,1051,294116,3582184
202045,1039084,243967,13711,1550,47453,3106,1056,294803,3654445
202426,1077781,244216,13745,1553,47655,3111,1062,295632,3716980
202735,1118206,244434,13771,1554,47912,3119,1065,296358,3777456
203325,1155338,244624,13816,1555,48035,3130,1069,296944,3839546
203717,1193078,244752,13879,1555,48434,3135,1072,297389,3904066
204276,1238798,245032,13938,1555,48744,3161,1075,297952,3974630
204881,1288108,245338,13979,1556,49098,3171,1079,298731,4043070
205623,1337024,245590,14092,1556,49375,3171,1089,299500,4116393
206278,1385635,245864,14150,1556,49888,3178,1103,300270,4181308
206667,1435616,246118,14175,1556,50369,3178,1115,301020,4236083
207112,1480073,246286,14203,1557,50838,3196,1128,301708,4292934
207707,1531669,246488,14251,1559,51197,3212,1135,302261,4359391
208546,1581963,246776,14269,1560,51531,3212,1140,303063,4431244
209535,1634746,247158,14305,1560,51809,3212,1147,303910,4498701
210399,1695988,247537,14336,1562,52205,3212,1154,304793,4567420
211005,1750723,247832,14366,1565,52512,3212,1176,305562,4623604
211220,1803695,248070,14389,1567,52825,3220,1182,306309,4669149
212111,1855745,248229,14423,1567,53051,3220,1195,307251,4714678
212828,1908254,248419,14456,1569,53346,3220,1203,307926,4773479
214113,1964536,248803,14499,1569,54254,3227,1213,308832,4827936
215039,2027074,249204,14519,1569,54555,3227,1223,309796,4887293
216196,2088611,249756,14562,1569,54797,3227,1254,310696,4946590
216903,2153010,250103,14598,1569,54929,3227,1267,311461,5000709
217288,2215074,250566,14626,1569,55104,3227,1283,312574,5046463
218508,2268675,250825,14660,1570,55292,3227,1297,313392,5094087
219540,2329638,251237,14714,1570,55353,3227,1313,314542,5142088
220859,2396637,251713,14770,1589,55395,3227,1332,315581,5198137
222281,2461190,252235,14873,1602,55497,3227,1353,316729,5249451
223791,2525922,252809,15039,1609,55580,3250,1385,318190,5314791
224488,2589952,253438,15318,1622,55661,3250,1434,319232,5361712
225007,2647663,253915,15515,1631,55747,3256,1500,320343,5400904
226700,2702681,254235,15761,1643,55838,3257,1560,321064,5437580
228120,2767253,254636,16058,1649,55938,3257,1603,322177,5482614
229706,2836925,255278,16346,1654,56031,3265,1656,323008,5529973
231292,2905825,256118,16670,1665,56099,3265,1750,324203,5574013
233029,2975701,257065,17002,1671,56216,3265,1848,325263,5622842
233861,3044940,258136,17399,1674,56266,3269,2166,326595,5665887
234494,3106348,259345,17665,1683,56353,3269,2263,327643,5700119
236122,3167323,260298,17945,1690,56404,3269,2362,328620,5736641
237583,3224547,261174,18265,1695,56435,3275,2426,329821,5777001
239010,3310234,262540,18706,1702,56495,3275,2524,330967,5822167
240571,3387500,263949,19077,1714,56572,3275,2679,332509,5867547
242126,3463972,265409,19400,1727,56666,3275,2756,333806,5914395
242835,3542733,266853,19699,1729,56717,3310,2847,334916,5957126
243305,3621245,268218,19947,1738,56771,3310,2928,336668,5991507
244802,3691166,269214,20182,1752,56812,3310,2972,338083,6026895
246015,3769523,270189,20449,1757,56852,3310,3037,339415,6068759
247411,3853406,271515,20644,1759,56860,3310,3112,340929,6109773
248840,3936747,272912,20842,1764,56908,3310,3288,342708,6153983
250283,4023179,274644,21010,1767,56948,3332,3353,344686,6204376
251058,4113811,276338,21177,1772,56982,3332,3539,346513,6247464
251728,4204613,277634,21296,1776,57022,3362,3667,349500,6278633
253626,4280422,278784,21432,1782,57044,3362,3776,352453,6302200
254957,4370128,280153,21588,1788,57091,3371,3900,354934,6329593
256433,4465863,281583,21743,1792,57166,3371,4101,357615,6363650
258149,4562414,283180,21919,1793,57229,3371,4291,360546,6399723
259735,4659984,284796,22055,1795,57315,3376,4377,364090,6447501
260817,4754356,286297,22176,1797,57357,3376,4703,367594,6488563
261737,4846427,287753,22285,1798,57406,3389,4799,370932,6522914
263222,4930236,288761,22391,1801,57454,3389,4978,373557,6557342
265014,5020359,289990,22504,1802,57488,3390,5123,376672,6596849
266869,5118253,291442,22657,1809,57514,3390,5266,380679,6635867
269048,5214677,293025,22783,1809,57532,3390,5380,384089,6681004
271247,5308014,294932,22893,1811,57543,3390,5594,388418,6730288
272932,5400619,296569,22975,1815,57558,3401,6017,392847,6772447
273965,5487580,298156,23045,1815,57576,3442,6287,396746,6810862
275560,5562663,299506,23106,1815,57606,3465,6468,401124,6862834
277412,5646010,300897,23216,1824,57627,3465,6712,406060,6902696
279025,5732518,302537,23341,1827,57639,3465,6879,412247,6941758
281346,5818570,304323,23455,1829,57654,3465,7064,418891,6988869
283712,5903932,306235,23516,1831,57665,3465,7218,425769,7037151
285026,5992532,308104,23611,1833,57685,3588,7364,431819,7081803
286339,6074702,309870,23661,1833,57700,3588,7530,437519,7119311
288631,6145291,311364,23699,1835,57715,3588,7777,441575,7152546
290471,6225763,313011,23812,1836,57742,3588,8017,448731,7195994
292913,6312584,314861,23889,1848,57765,3588,8129,455848,7235428
295539,6394068,317409,23952,1848,57784,3593,8287,462777,7281081
298374,6473544,319908,24027,1849,57794,3593,8491,469771,7336043
300027,6549373,322751,24091,1854,57800,3593,8662,482656,7384578
301573,6623815,325329,24164,1855,57812,3745,8808,505621,7420293
304673,6685082,327586,24239,1858,57819,3745,8965,518224,7459742
307127,6757131,330263,24353,1861,57830,3745,9082,532781,7504998
311137,6835655,333940,24422,1864,57840,3745,9260,546954,7556060
315941,6906151,338398,24476,1866,57849,3745,9442,564504,7614653
320495,6979423,343770,24548,1870,57859,3745,9538,578392,7671034
323463,7053806,349494,24606,1871,57866,3847,9701,593567,7725952
326309,7120538,354950,24703,1871,57876,3864,9801,606449,7771893
332850,7175880,359569,24805,1872,57880,3864,9864,620460,7813735
337314,7239389,365467,24889,1874,57884,3864,9945,637710,7865983
344487,7307097,372799,24988,1876,57889,3864,10069,657461,7925748
352107,7370468,381602,25035,1880,57892,3864,10117,676457,7990636
359802,7432680,391611,25108,1883,57901,3864,10334,692114,8059782
364664,7494551,402536,25199,1886,57904,3864,10455,708300,8116518
368671,7550273,414241,25275,1886,57911,3864,10590,725294,8165858
377068,7597063,423578,25333,1887,57915,3890,10691,744124,8233610
385591,7651107,434449,25424,1912,57921,3890,10788,765489,8295581
397922,7706946,449648,25543,1914,57933,3890,10933,792196,8358864
403874,7761312,465726,25698,1923,57941,3897,11041,813453,8435164
417350,7814682,484869,25775,1934,57951,3897,11163,834012,8517113
427808,7864811,504509,25836,1935,57965,3897,11297,857045,8599842
437698,7909959,525782,25955,1940,57970,3941,11443,876842,8661982
450258,7946429,542789,26043,1941,57973,3941,11557,897742,8729385
463419,7990322,564778,26146,1943,57980,3941,11621,920666,8806228
479621,8040203,589766,26271,1949,57987,3941,11767,945380,8885632
498354,8088851,616595,26385,1950,57994,3941,12201,968458,8976684
517736,8137119,647674,26511,1957,58003,3941,12410,992876,9075924
531790,8184082,679430,26635,1959,58015,3941,12495,1014795,9165619
544346,8229313,709335,26732,1963,58019,3941,12743,1038056,9270467
569598,8267623,731588,26807,1968,58020,3941,12971,1057023,9355775
577131,8313876,759829,26925,1971,58029,4229,13099,1077101,9482891
608611,8364086,790377,27050,1973,58036,4229,13351,1102307,9587499
631172,8411724,824879,27195,1974,58043,4229,13568,1126471,9716853
653992,8462080,862681,27284,1976,58047,4229,13852,1149793,9844858
668114,8507754,902490,27427,1982,58054,4229,14066,1174772,9972308
682624,8553657,935104,27553,1986,58056,4229,14403,1195352,10087380
689146,8591730,960373,27653,1987,58064,4301,14574,1216749,10207953
715693,8636011,995463,27799,1988,58073,4301,14704,1237200,10348449
738094,8683916,1028424,27942,1991,58091,4301,14993,1260200,10495075
762832,8728795,1066401,28133,1995,58102,4301,15217,1293717,10659914
785093,8773479,1107303,28338,1998,58114,4301,15402,1321033,10840303
799733,8814579,1144552,28546,2001,58116,4301,15789,1347909,11008064
802946,8845127,1178529,28769,2001,58119,4301,16020,1372886,11144288
817526,8874290,1205881,28998,2005,58124,4301,16257,1394302,11307233
843757,8912907,1238072,29311,2008,58130,4382,16563,1414362,11471155
867484,8958483,1272352,29654,2010,58135,4382,16905,1434007,11644332
891525,9004365,1308528,30017,2013,58139,4382,17148,1456943,11835880
914118,9050597,1345767,30403,2019,58143,4382,17431,1477217,12034177
927990,9095806,1380531,30733,2028,58148,4382,17667,1497138,12213451
932367,9139865,1408868,31004,2030,58160,4445,17968,1515805,12360235
946822,9177840,1431795,31353,2031,58165,4445,18165,1531270,12534684
963192,9222216,1455022,31735,2039,58183,4445,18406,1542614,12710198
995879,9266705,1480874,32318,2040,58190,4445,18890,1560875,12893485
1017830,9309787,1509875,32887,2047,58195,4451,19115,1578432,13005807
1038649,9351109,1538217,33375,2050,58199,4451,19588,1593253,13213995
1052494,9392919,1564532,33824,2050,58205,4451,19944,1609144,13369528
1055691,9431691,1585178,34201,2056,58213,4451,20145,1621308,13509762
1069912,9462809,1601554,34652,2059,58218,4451,20459,1633736,13670332
1094678,9499413,1620901,35163,2060,58228,4451,21035,1647233,13858551
1117953,9534964,1641610,35703,2069,58230,4525,21409,1663470,14061108
1141544,9571559,1664829,36332,2069,58239,4525,21612,1678421,14284721
1157514,9608211,1688939,36915,2078,58242,4525,21898,1694803,14517506
1183640,9644222,1709991,37546,2078,58255,4525,22188,1710382,14733048
1194550,9677203,1728878,38161,2079,58260,4525,22499,1727754,14914060
1200006,9703770,1742557,38755,2085,58273,4579,23200,1742528,15108918
1229269,9735850,1757394,39432,2088,58285,4579,23200,1754914,15333410
1254358,9767371,1770149,40098,2088,58291,4579,25059,1771548,15555949
1287092,9796744,1787147,40786,2092,58297,4579,25730,1792614,15787464
1314309,9826775,1805873,41736,2092,58305,4579,26369,1814398,16027441
1336101,9857029,1825775,42766,2096,58313,4579,27071,1835952,16245026
1350810,9884100,1843712,43484,2096,58320,4579,27532,1854493,16432729
1357261,9906165,1855737,44364,2096,58325,4579,27766,1874870,16627550
1391086,9932547,1870576,45442,2100,58341,4579,28168,1893439,16836556
1423830,9956557,1888144,46453,2100,58353,4579,28733,1918739,17083256
1454009,9979447,1906377,47515,2110,58377,4662,29361,1954271,17322981
1486839,10004599,1921778,48570,2110,58386,4662,30071,1982831,17574950
1508518,10031223,1938083,49665,2116,58403,4662,30702,2010080,17766856
1514962,10055560,1953185,50591,2121,58422,4662,31187,2046164,17954675
1534218,10075116,1964054,51460,2121,58432,4662,31384,2079681,18153724
1570371,10099066,1977370,52550,2128,58461,4690,31910,2116612,18351735
1604129,10123778,1991278,53533,2128,58482,4690,32399,2155999,18581353
1630596,10146845,2009317,54770,2128,58495,4690,32914,2195148,18775557
1632736,10169118,2028354,55902,2128,58509,4690,33360,2227951,18873203
1646240,10187850,2038759,56872,2144,58519,4690,33563,2262739,19099491
1658639,10207871,2047696,57680,2144,58524,4690,33811,2295232,19255126
1672643,10224303,2056277,58725,2151,58529,4690,33973,2336692,19429760
1692109,10244852,2067487,59773,2151,58542,4690,34281,2389967,19630012
1741153,10266674,2083689,60740,2162,58569,4714,34677,2440206,19863696
1760520,10266674,2107166,61769,2162,58599,4714,35216,2496235,20099363
1762637,10286709,2129376,62593,2162,58629,4714,35511,2549693,20252991
1773540,10323965,2141201,63244,2181,58662,4714,35712,2607546,20553301
1783896,10340469,2155446,64264,2181,58697,4714,35922,2662703,20762047
1796216,10356844,2166244,64979,2186,58721,4714,36050,2721626,20946329
1814565,10374932,2181619,65818,2186,58749,4714,36407,2782713,21181440
1841228,10395278,2201945,66686,2188,58780,4726,36702,2845269,21436884
1886561,10413417,2220361,67358,2188,58813,4726,37074,2898056,21715174
1905638,10413417,2237890,67999,2188,58836,4726,37296,2966248,22010389
1928462,10450284,2257866,68664,2219,58865,4726,37554,3026346,22271084
1929410,10466595,2276491,69114,2222,58907,4726,37742,3081372,22484332
1941116,10479179,2289021,69651,2222,58929,4726,37808,3127647,22699326
1968326,10495147,2303263,70212,2228,58946,4726,37948,3173295,22926246
1993892,10512093,2319036,70728,2228,58984,4726,38085,3220957,23156608
2015235,10527683,2336279,71241,2246,59029,4744,38085,3269761,23392315
2023828,10542841,2352423,71820,2246,59059,4744,38085,3325646,23635046
2038645,10557985,2368733,72340,2256,59083,4744,38085,3367074,23836726
2050129,10571773,2381277,72729,2262,59113,4744,38085,3405744,24014508
2059382,10581823,2390102,73115,2262,59127,4744,38085,3443354,24157924
2071615,10595639,2400598,73518,2267,59157,4744,38534,3476808,24334630
2100618,10610883,2414166,73918,2267,59197,4744,38628,3515800,24517866
2108895,10625428,2428221,74262,2276,59235,4744,38806,3553777,24711684
2125261,10639684,2441854,74692,2276,59250,4744,38935,3594098,24902437
2137691,10654533,2455185,75084,2283,59260,4754,39044,3627750,25073050
2147769,10667736,2466813,75521,2288,59308,4754,39149,3657861,25204112
2154656,10676838,2475372,75875,2290,59352,4754,39188,3680105,25356081
2164043,10689527,2485956,76429,2295,59366,4754,39261,3700272,25503621
2179679,10701193,2501147,76926,2299,59391,4754,39314,3725641,25657566
2194562,10720048,2515507,77395,2305,59425,4784,39424,3754452,25826176
2207393,10733130,2529070,77850,2303,59449,4784,39490,3783597,25992744
2224911,10746174,2541783,78205,2304,59507,4784,39533,3806997,26135056
2225659,10757610,2553032,78508,2304,59536,4784,39579,3828187,26247053
2232327,10766245,2560957,78844,2307,59565,4784,39606,3846855,26382255
2240017,10777284,2570608,79311,2308,59584,4784,39651,3863761,26497588
2252504,10790183,2583790,79762,2313,59602,4814,39685,3882976,26619229
2265536,10802591,2597446,80131,2315,59624,4814,39735,3903710,26743204
2276371,10814304,2611659,80524,2315,59649,4814,39789,3922914,26877601
2285003,10826363,2625098,80896,2320,59675,4854,39821,3941277,26981588
2291673,10838194,2636738,81185,2320,59699,4862,39848,3957181,27071236
2296323,10847304,2644707,81487,2322,59721,4862,39860,3971319,27161551
2302051,10858371,2655319,81930,2324,59732,4862,39883,3983760,27257183
2311297,10871294,2668266,82434,2324,59747,4935,39911,3996837,27352360
2321225,10880603,2683403,82837,2326,59759,5013,39942,4010380,27458120
2330422,10892746,2697296,83199,2328,59777,5075,39979,4025578,27557758
2336906,10904940,2710819,83525,2330,59786,5092,40019,4038933,27644880
2341744,10916589,2721879,83869,2336,59800,5183,40019,4049924,27709901
2346876,10925710,2729223,84325,2337,59809,5273,40055,4059700,27764087
2352766,10937320,2739591,84946,2340,59810,5373,40063,4070336,27826806
2362364,10950201,2751657,85567,2344,59821,5500,40102,4083096,27896924
2372209,10963394,2765412,86128,2348,59832,5632,40154,4095191,27966848
2381259,10977387,2780882,86574,2350,59846,5632,40168,4107290,28046145
2388421,10991651,2795796,86992,2350,59858,5889,40199,4117743,28117670
2394515,11005850,2809246,87324,2357,59869,6017,40213,4127578,28174750
2399499,11016434,2818863,87681,2363,59879,6246,40221,4138237,28230970
2405263,11030176,2832162,88120,2365,59883,6246,40243,4146760,28303233
2416037,11046914,2848564,88516,2368,59890,6549,40261,4156707,28377965
2427069,11063491,2868435,88922,2371,59900,6687,40300,4166727,28455466
2436506,11079979,2888923,89321,2372,59913,6687,40322,4175315,28532812
2444177,11096731,2907825,89676,2376,59925,6991,40335,4182772,28597387
2450295,11112241,2925265,90031,2378,59936,7257,40357,4188827,28648744
2455569,11124527,2938371,90372,2382,59948,7392,40367,4194289,28706973
2462061,11139516,2955434,90816,2384,59956,7518,40395,4200700,28764033
2472913,11156923,2976274,91240,2389,59979,7727,40408,4207120,28831226
2484306,11173761,2999119,91638,2389,59998,7850,40426,4213764,28899277
2493887,11192045,3023129,92055,2398,60007,7850,40452,4219788,28965728
2502151,11210799,3046762,92471,2399,60020,8041,40452,4225906,29023931
2508655,11229398,3067486,92817,2405,60033,8321,40464,4231166,29064938
2513784,11244786,3081368,93263,2409,60046,8438,40479,4235989,29109974
2520618,11262707,3101093,93733,2410,60052,8577,40490,4241858,29167616
2541781,11285561,3123368,94198,2416,60062,8713,40520,4247879,29225536
2546526,11308846,3149017,94686,2417,60070,8820,40535,4254714,29288010
2559296,11333728,3175807,95176,2422,60080,8820,40544,4261398,29349533
2569864,11359048,3201838,95635,2423,60088,8946,40544,4267015,29402465
2578842,11385339,3223142,96017,2430,60105,9190,40581,4271710,29440686
2585385,11409831,3238394,96380,2432,60117,9328,40591,4276840,29497352
2603064,11438734,3258770,96849,2434,60128,9437,40593,4282203,29551309
2610769,11474605,3281810,97294,2434,60137,9600,40607,4287996,29610445
2639258,11514331,3306711,97757,2444,60152,9600,40625,4294328,29670983
2654734,11555284,3332418,98209,2444,60167,9925,40651,4299200,29732612
2669233,11599130,3356331,98665,2453,60184,9968,40651,4304839,29787986
2670001,11646081,3376376,99075,2462,60196,10085,40671,4310195,29821754
2678262,11686796,3400877,99421,2462,60208,10214,40687,4315602,29873347
2699231,11734058,3419616,99846,2470,60221,10369,40719,4321019,29926950
2722988,11787534,3440862,100276,2476,60236,10369,40719,4326645,30013910
2744608,11846652,3464543,100770,2479,60253,10664,40734,4332922,30081375
2765297,11908910,3488619,101275,2481,60265,10664,40751,4339157,30158696
2782925,11971624,3512453,101757,2482,60288,10838,40767,4343066,30221396
2784652,12039644,3532057,102141,2493,60300,10977,40794,4347013,30264493
2794949,12095855,3544957,102582,2495,60321,11164,40820,4351796,30333922
2818630,12149335,3561012,103088,2497,60347,11292,40839,4355867,30395171
2843644,12221665,3584899,103639,2501,60381,11398,40867,4359982,30462210
2866323,12303131,3607083,104194,2501,60407,11499,40889,4364547,30541255
2882356,12392260,3629000,104736,2501,60450,11499,40924,4367969,30611086
2886029,12485509,3650247,105279,2501,60468,11504,40962,4371393,30674153
2896329,12589067,3668264,105752,2507,60478,11783,40962,4373798,30709125
2902309,12686049,3678944,106230,2524,60495,11908,41016,4376629,30786804
2909902,12801785,3686707,106898,2531,60519,11978,41023,4379033,30847348
2940279,12928574,3700393,107598,2555,60554,11978,41046,4381830,30922386
2966789,13060542,3717602,108269,2561,60575,12271,41062,4384954,31002264
2990724,13205926,3736526,108945,2571,60601,12271,41086,4380167,31084962
3009452,13358805,3754077,109559,2574,60633,12271,41113,4382880,31151497
3012158,13527717,3769814,110146,2583,60653,12406,41140,4384610,31197877
3024604,13689453,3779594,110688,2587,60678,12566,41174,4388296,31268107
3054025,13873825,3793033,111419,2589,60692,12566,41204,4390801,31345985
3085142,14074564,3809193,112117,2591,60719,12837,41237,4393330,31421360
3110252,14291917,3826156,112789,2591,60735,12837,41263,4396096,31495649
3134108,14526609,3842079,113444,2591,60769,12837,41310,4398903,31575640
3154305,14788003,3857443,114115,2595,60808,12837,41340,4401176,31628013
3155522,15061805,3870131,114646,2596,60831,13079,41378,4403060,31670031
3167137,15320972,3878994,115195,2597,60851,13324,41396,4406114,31737964
3198534,15616130,3891063,115926,2599,60865,13324,41422,4408644,31799237
3222888,15930774,3904899,116661,2600,60880,13459,41475,4411068,31862094
3254609,16263695,3920945,117458,2600,60904,13459,41529,4413834,31929351
3276871,16610481,3935703,118243,2600,60943,13459,41575,4416588,31991750
3291293,16960172,3949517,118887,2601,60966,13459,41575,4418710,32045113
3306692,17313163,3962674,119387,2601,61006,13670,41655,4420443,32077178
3312653,17636186,3971114,119898,2609,61051,13812,41715,4422562,32124869
3338564,17997113,3981512,120673,2609,61063,13915,41737,4425259,32175725
3366827,18376421,3994894,121351,2613,61086,13915,41766,4427390,32230850
3391039,18762976,4009208,122007,2613,61121,13915,41797,4429849,32289049
3405365,19164969,4022653,122634,2613,61145,13915,41866,4432246,32346971
3423900,19557457,4035617,123240,2618,61179,13915,41905,4434157,32392274
3432676,19925517,4044762,123728,2622,61218,13915,41905,4435831,32421641
3438186,20282833,4050708,124269,2623,61235,13915,41973,4437505,32472201
3462297,20664979,4059821,124945,2629,61252,14121,42032,4439489,32512934
3484755,21077410,4070400,125519,2633,61268,14121,42102,4441644,32557444
3502672,21491598,4082198,126044,2634,61286,14368,42152,4444262,32604810
